<?xml version="1.0" encoding="UTF-8"?>
<project-private xmlns="http://www.netbeans.org/ns/project-private/1">
    <editor-bookmarks xmlns="http://www.netbeans.org/ns/editor-bookmarks/2" lastBookmarkId="0"/>
    <open-files xmlns="http://www.netbeans.org/ns/projectui-open-files/2">
        <group>
            <file>file:/I:/KULIAH/PBO_PERT_9_AHMADW/src/pbo_pert_10_ahmadw/FormBarang.java</file>
            <file>file:/I:/KULIAH/PBO_PERT_9_AHMADW/src/pbo_pert_10_ahmadw/Koneksi.java</file>
            <file>file:/I:/KULIAH/PBO_PERT_9_AHMADW/src/pbo_pert_10_ahmadw/FormLogin.java</file>
            <file>file:/I:/KULIAH/PBO_PERT_9_AHMADW/src/pbo_pert_10_ahmadw/MainMenu.java</file>
        </group>
    </open-files>
</project-private>
